{"IcoMoonType":"selection","icons":[{"icon":{"paths":["M256 896v-480l256-288 256 288v480h-512z"],"width":1024,"attrs":[],"isMulticolor":false,"isMulticolor2":false,"tags":["accommodate","enter","home","live"],"grid":16},"attrs":[],"properties":{"id":1,"order":28,"prevSize":32,"code":59648,"name":"accommodate"},"setIdx":0,"setId":8,"iconIdx":0},{"icon":{"paths":["M832 640v128h-256v128h-128v-128h-256v-128h128v-384h128v-128h128v128h128v384h128z"],"width":1024,"attrs":[],"isMulticolor":false,"isMulticolor2":false,"tags":["alarm","ring","yell","awake"],"grid":16},"attrs":[],"properties":{"id":4,"order":31,"prevSize":32,"code":59651,"name":"alarm"},"setIdx":0,"setId":8,"iconIdx":3},{"icon":{"paths":["M576 768v-128h-256v-256h256v-128h-384v512h384zM832 384h-128v-128h128v128zM832 768h-128v-128h128v128z"],"width":1024,"attrs":[],"isMulticolor":false,"isMulticolor2":false,"tags":["attract","magnetize"],"grid":16},"attrs":[],"properties":{"id":10,"order":37,"prevSize":32,"code":59657,"name":"attract"},"setIdx":0,"setId":8,"iconIdx":9},{"icon":{"paths":["M256 768h512v128h-512v-128zM256 128v512h512v-512h-512z"],"width":1024,"attrs":[],"isMulticolor":false,"isMulticolor2":false,"tags":["bake","cook","eat","toast"],"grid":16},"attrs":[],"properties":{"id":11,"order":38,"prevSize":32,"code":59658,"name":"bake"},"setIdx":0,"setId":8,"iconIdx":10},{"icon":{"paths":["M928 224v96h-96v128h-128v448h-128v-448h-128v448h-128v-448h-128v-128h-96v-96h96v-96h640v96h96z"],"width":1024,"attrs":[],"isMulticolor":false,"isMulticolor2":false,"tags":["barbecue","cook","eat","toast","grill","burn"],"grid":16},"attrs":[],"properties":{"id":12,"order":39,"prevSize":32,"code":59659,"name":"barbecue"},"setIdx":0,"setId":8,"iconIdx":11},{"icon":{"paths":["M768 576l128 128v128h-768v-128l128-128 128 128 128-128 128 128 128-128zM128 192v128l128 128 128-128 128 128 128-128 128 128 128-128v-128h-768z"],"width":1024,"attrs":[],"isMulticolor":false,"isMulticolor2":false,"tags":["bite","cut","eat"],"grid":16},"attrs":[],"properties":{"id":14,"order":41,"prevSize":32,"code":59661,"name":"bite"},"setIdx":0,"setId":8,"iconIdx":13},{"icon":{"paths":["M704 320v-256h-256v128h-256v256h128v256h128v256h128v-384h256v-256h-128zM576 448h-128v-128h128v128z"],"width":1024,"attrs":[],"isMulticolor":false,"isMulticolor2":false,"tags":["blow","spin","rotate"],"grid":16},"attrs":[],"properties":{"id":17,"order":44,"prevSize":32,"code":59664,"name":"blow"},"setIdx":0,"setId":8,"iconIdx":16},{"icon":{"paths":["M576 256h-128v-128h128v128zM768 704v-128h-192v-192h-128v192h-192v128h-128v192h768v-192h-128z"],"width":1024,"attrs":[],"isMulticolor":false,"isMulticolor2":false,"tags":["celebrate","eat","blow","party"],"grid":16},"attrs":[],"properties":{"id":26,"order":53,"prevSize":32,"code":59673,"name":"celebrate"},"setIdx":0,"setId":8,"iconIdx":25},{"icon":{"paths":["M864 416l-352 352-352-352 160-160h384l160 160z"],"width":1024,"attrs":[],"isMulticolor":false,"isMulticolor2":false,"tags":["dazzle","light","shine","glare","bright"],"grid":16},"attrs":[],"properties":{"id":42,"order":69,"prevSize":32,"code":59689,"name":"dazzle"},"setIdx":0,"setId":8,"iconIdx":41},{"icon":{"paths":["M896 256v640h-768v-640l128-128 128 128v128h256v-128l128-128 128 128z"],"width":1024,"attrs":[],"isMulticolor":false,"isMulticolor2":false,"tags":["dream","believe","wonder","imagine","tower"],"grid":16},"attrs":[],"properties":{"id":50,"order":77,"prevSize":32,"code":59697,"name":"dream"},"setIdx":0,"setId":8,"iconIdx":49},{"icon":{"paths":["M896 320v128h-128v128h-384v256h-128v-256h-128v-384h640v128h128z"],"width":1024,"attrs":[],"isMulticolor":false,"isMulticolor2":false,"tags":["drill","deepen"],"grid":16},"attrs":[],"properties":{"id":51,"order":78,"prevSize":32,"code":59698,"name":"drill"},"setIdx":0,"setId":8,"iconIdx":50},{"icon":{"paths":["M704 256v128h-128v-128h-128v128h-128v-128h-128v-128h640v128h-128zM576 512v-128h-128v128h-128v-128h-128v512h640v-512h-128v128h-128z"],"width":1024,"attrs":[],"isMulticolor":false,"isMulticolor2":false,"tags":["explode","crash","die","finish","end"],"grid":16},"attrs":[],"properties":{"id":59,"order":86,"prevSize":32,"code":59706,"name":"explode"},"setIdx":0,"setId":8,"iconIdx":58},{"icon":{"paths":["M928 768v128h-384v-128h64v-192h-192v192h64v128h-384v-128h64v-512h64v-128h128v128h64v64h192v-64h64v-128h128v128h64v512h64z"],"width":1024,"attrs":[],"isMulticolor":false,"isMulticolor2":false,"tags":["explore","search","view","look","examine","analyse"],"grid":16},"attrs":[],"properties":{"id":60,"order":87,"prevSize":32,"code":59707,"name":"explore"},"setIdx":0,"setId":8,"iconIdx":59},{"icon":{"paths":["M466.752 647.776l90.496 90.496-90.496 90.496-90.496-90.496-90.496 90.496-90.496-90.496 90.496-90.496-90.496-90.496 90.496-90.496 90.496 90.496 362.016-362.080 90.496 90.496-362.016 362.080z"],"width":1024,"attrs":[],"isMulticolor":false,"isMulticolor2":false,"tags":["fight","play","defend","arrest"],"grid":16},"attrs":[],"properties":{"id":61,"order":88,"prevSize":32,"code":59708,"name":"fight"},"setIdx":0,"setId":8,"iconIdx":60},{"icon":{"paths":["M708.544 469.952l-112 112 159.52 159.52-90.496 90.528-159.52-159.52-159.552 159.52-90.496-90.496 159.52-159.52-112-112-90.496 90.496-181.024-181.024 181.024-181.024 293.024 293.024 293.024-293.024 181.024 181.024-181.024 181.024-90.528-90.528z"],"width":1024,"attrs":[],"isMulticolor":false,"isMulticolor2":false,"tags":["finish","win","end","race","lose"],"grid":16},"attrs":[],"properties":{"id":64,"order":91,"prevSize":32,"code":59711,"name":"finish"},"setIdx":0,"setId":8,"iconIdx":63},{"icon":{"paths":["M832 128v384h-512v384h-128v-768h640z"],"width":1024,"attrs":[],"isMulticolor":false,"isMulticolor2":false,"tags":["flag","target","mark","indicate","highlight"],"grid":16},"attrs":[],"properties":{"id":66,"order":93,"prevSize":32,"code":59713,"name":"flag"},"setIdx":0,"setId":8,"iconIdx":65},{"icon":{"paths":["M602.496 512l135.776 135.776-90.496 90.496-135.776-135.776-135.776 135.776-90.496-90.496 135.776-135.776-135.776-135.776 90.496-90.496 135.776 135.776 135.776-135.776 90.496 90.496-135.776 135.776z"],"width":1024,"attrs":[],"isMulticolor":false,"isMulticolor2":false,"tags":["forbid","deny","prohibit","refuse"],"grid":16},"attrs":[],"properties":{"id":67,"order":94,"prevSize":32,"code":59714,"name":"forbid"},"setIdx":0,"setId":8,"iconIdx":66},{"icon":{"paths":["M714.048 512l-271.52 271.52-90.528-90.496 181.024-181.024-181.024-181.024 90.496-90.496 271.552 271.52z"],"width":1024,"attrs":[],"isMulticolor":false,"isMulticolor2":false,"tags":["forward","move","walk","progression","development"],"grid":16},"attrs":[],"properties":{"id":68,"order":95,"prevSize":32,"code":59715,"name":"forward"},"setIdx":0,"setId":8,"iconIdx":67},{"icon":{"paths":["M896 384v384h-160l-128-128h-192l-128 128h-160v-384l128-128h96l64 64h224l64-64h64l128 128z"],"width":1024,"attrs":[],"isMulticolor":false,"isMulticolor2":false,"tags":["game","play","code","develop"],"grid":16},"attrs":[],"properties":{"id":70,"order":194,"prevSize":32,"code":59717,"name":"game"},"setIdx":0,"setId":8,"iconIdx":69},{"icon":{"paths":["M887.296 512.768l-271.52 271.424-90.496-90.72 116.992-117.472h-450.272v-128h450.272l-117.024-116.608 90.496-90.112 271.552 271.488z"],"width":1024,"attrs":[],"isMulticolor":false,"isMulticolor2":false,"tags":["go","leave","advance","pass","proceed","move","depart"],"grid":16},"attrs":[],"properties":{"id":72,"order":99,"prevSize":32,"code":59719,"name":"go"},"setIdx":0,"setId":8,"iconIdx":71},{"icon":{"paths":["M832 512v128h-192v256h-256v-128h-192v-128h192v-128h-128v-128h128v-256h256v128h128v128h-128v128h192z"],"width":1024,"attrs":[],"isMulticolor":false,"isMulticolor2":false,"tags":["grow","build","plant","succeed","increase","development"],"grid":16},"attrs":[],"properties":{"id":74,"order":101,"prevSize":32,"code":59721,"name":"grow"},"setIdx":0,"setId":8,"iconIdx":73},{"icon":{"paths":["M969.6 400l-272 272-182.4-182.4-361.6 361.6-89.6-89.6 633.6-633.6 272 272z"],"width":1024,"attrs":[],"isMulticolor":false,"isMulticolor2":false,"tags":["hack","chop","cut","slice","kill","sever"],"grid":16},"attrs":[],"properties":{"id":75,"order":102,"prevSize":32,"code":59722,"name":"hack"},"setIdx":0,"setId":8,"iconIdx":74},{"icon":{"paths":["M838.4 902.4l-476.8-476.8-179.2 182.4-89.6-89.6 134.4-134.4-89.6-92.8 182.4-182.4 89.6 89.6 134.4-134.4 89.6 89.6-182.4 182.4 476.8 473.6-89.6 92.8z"],"width":1024,"attrs":[],"isMulticolor":false,"isMulticolor2":false,"tags":["hammer","beat","kill","hit"],"grid":16},"attrs":[],"properties":{"id":76,"order":103,"prevSize":32,"code":59723,"name":"hammer"},"setIdx":0,"setId":8,"iconIdx":75},{"icon":{"paths":["M896 128v768h-256v-256h-256v256h-256v-768h128v128h128v-128h256v128h128v-128h128z"],"width":1024,"attrs":[],"isMulticolor":false,"isMulticolor2":false,"tags":["home","go","return","dream","defend"],"grid":16},"attrs":[],"properties":{"id":79,"order":106,"prevSize":32,"code":59726,"name":"home"},"setIdx":0,"setId":8,"iconIdx":78},{"icon":{"paths":["M896 256v256h-256v384h-256v-128h-256v-256h128v128h128v-512h256v256h128v-128h128z"],"width":1024,"attrs":[],"isMulticolor":false,"isMulticolor2":false,"tags":["hurt","prick","stick","poke"],"grid":16},"attrs":[],"properties":{"id":80,"order":107,"prevSize":32,"code":59727,"name":"hurt"},"setIdx":0,"setId":8,"iconIdx":79},{"icon":{"paths":["M864 256v128h-128v256h-128v-128h-128v384h-192v-384h-128v-256h704z"],"width":1024,"attrs":[],"isMulticolor":false,"isMulticolor2":false,"tags":["kill","die","finish","end","arrest","condemn"],"grid":16},"attrs":[],"properties":{"id":84,"order":111,"prevSize":32,"code":59731,"name":"kill"},"setIdx":0,"setId":8,"iconIdx":83},{"icon":{"paths":["M768 768h-192v128h-128v-128h-192l128-128v-416l128-128 128 128v416l128 128z"],"width":1024,"attrs":[],"isMulticolor":false,"isMulticolor2":false,"tags":["launch","fly","go","orbit","blast"],"grid":16},"attrs":[],"properties":{"id":87,"order":114,"prevSize":32,"code":59734,"name":"launch"},"setIdx":0,"setId":8,"iconIdx":86},{"icon":{"paths":["M874.048 512l-362.048 362.048-362.048-362.048 362.048-362.048 362.048 362.048z"],"width":1024,"attrs":[],"isMulticolor":false,"isMulticolor2":false,"tags":["locate","find","position","pinpoint","place"],"grid":16},"attrs":[],"properties":{"id":92,"order":119,"prevSize":32,"code":59739,"name":"locate"},"setIdx":0,"setId":8,"iconIdx":91},{"icon":{"paths":["M896 416l-384 384-384-384 192-192 192 197.536 192-197.536 192 192z"],"width":1024,"attrs":[],"isMulticolor":false,"isMulticolor2":false,"tags":["love","believe","like","admire","hope","happiness"],"grid":16},"attrs":[],"properties":{"id":94,"order":121,"prevSize":32,"code":59741,"name":"love"},"setIdx":0,"setId":8,"iconIdx":93},{"icon":{"paths":["M874.048 512l-106.048 106.048v149.952h-149.952l-106.048 106.048-106.048-106.048h-149.952v-149.952l-106.048-106.048 106.048-106.048v-149.952h149.952l106.048-106.048 106.048 106.048h149.952v149.952l106.048 106.048z"],"width":1024,"attrs":[],"isMulticolor":false,"isMulticolor2":false,"tags":["navigate","locate","travel","direct","steer","discovery"],"grid":16},"attrs":[],"properties":{"id":98,"order":125,"prevSize":32,"code":59745,"name":"navigate"},"setIdx":0,"setId":8,"iconIdx":97},{"icon":{"paths":["M768 320v-128h-128v128h-512v512h768v-512h-128zM768 576h-128v-128h128v128z"],"width":1024,"attrs":[],"isMulticolor":false,"isMulticolor2":false,"tags":["photograph","capture","snap","shoot","portray"],"grid":16},"attrs":[],"properties":{"id":103,"order":130,"prevSize":32,"code":59750,"name":"photograph"},"setIdx":0,"setId":8,"iconIdx":102},{"icon":{"paths":["M512 149.952l-362.048 362.048 362.048 362.048 362.048-362.048-362.048-362.048zM330.976 512l181.024-181.024 181.024 181.024-181.024 181.024-181.024-181.024z"],"width":1024,"attrs":[],"isMulticolor":false,"isMulticolor2":false,"tags":["point","target","direction"],"grid":16},"attrs":[],"properties":{"id":107,"order":134,"prevSize":32,"code":59754,"name":"point"},"setIdx":0,"setId":8,"iconIdx":106},{"icon":{"paths":["M704 128v128h-384v-128h-128v768h640v-768h-128zM448 512h-128v-128h128v128zM704 512h-128v-128h128v128z"],"width":1024,"attrs":[],"isMulticolor":false,"isMulticolor2":false,"tags":["prank","scare","fear"],"grid":16},"attrs":[],"properties":{"id":109,"order":136,"prevSize":32,"code":59756,"name":"prank"},"setIdx":0,"setId":8,"iconIdx":108},{"icon":{"paths":["M896 480l-80 80-80-80-80 80-80-80v448h-128v-448l-80 80-80-80-80 80-80-80 384-384 384 384z"],"width":1024,"attrs":[],"isMulticolor":false,"isMulticolor2":false,"tags":["protect","hide","rain","cover","shelter","harbour"],"grid":16},"attrs":[],"properties":{"id":114,"order":141,"prevSize":32,"code":59761,"name":"protect"},"setIdx":0,"setId":8,"iconIdx":113},{"icon":{"paths":["M896 384v-256h-256v64h-256v-64h-256v256h64v256h-64v256h256v-64h256v64h256v-256h-64v-256h64zM704 640h-64v64h-256v-64h-64v-256h64v-64h256v64h64v256z"],"width":1024,"attrs":[],"isMulticolor":false,"isMulticolor2":false,"tags":["resize","increase","change","reduce","prepare"],"grid":16},"attrs":[],"properties":{"id":123,"order":150,"prevSize":32,"code":59770,"name":"resize"},"setIdx":0,"setId":8,"iconIdx":122},{"icon":{"paths":["M192 256v640h640v-640h-640zM448 512h-128v-128h128v128zM704 512h-128v-128h128v128z"],"width":1024,"attrs":[],"isMulticolor":false,"isMulticolor2":false,"tags":["scare","cry","prank"],"grid":16},"attrs":[],"properties":{"id":128,"order":155,"prevSize":32,"code":59775,"name":"scare"},"setIdx":0,"setId":8,"iconIdx":127},{"icon":{"paths":["M704 320v128h128v128h-128v128h-128v128h-128v-128h-128v-128h-128v-128h128v-128h128v-128h128v128h128zM832 832v-128h-128v128h128zM832 192h-128v128h128v-128zM192 192v128h128v-128h-128zM192 832h128v-128h-128v128z"],"width":1024,"attrs":[],"isMulticolor":false,"isMulticolor2":false,"tags":["shine","sparkle","amaze"],"grid":16},"attrs":[],"properties":{"id":132,"order":159,"prevSize":32,"code":59779,"name":"shine"},"setIdx":0,"setId":8,"iconIdx":131},{"icon":{"paths":["M896 384v128h-128v192h-192v128h-128v-128h-192v-192h-128v-128h128v-192h192v128h128v-128h192v192h128z"],"width":1024,"attrs":[],"isMulticolor":false,"isMulticolor2":false,"tags":["solve","play","think","find","puzzle"],"grid":16},"attrs":[],"properties":{"id":137,"order":195,"prevSize":32,"code":59784,"name":"solve"},"setIdx":0,"setId":8,"iconIdx":136},{"icon":{"paths":["M512 224l-384 384 192 192 96-96 96 96 96-96 96 96 192-192-384-384zM512 608l-96-96 96-96 96 96-96 96z"],"width":1024,"attrs":[],"isMulticolor":false,"isMulticolor2":false,"tags":["spook","scare","afraid"],"grid":16},"attrs":[],"properties":{"id":140,"order":196,"prevSize":32,"code":59787,"name":"spook"},"setIdx":0,"setId":8,"iconIdx":139},{"icon":{"paths":["M864 512l-96 96 96 96-160 160-96-96-96 96-96-96-96 96-160-160 96-96-96-96 96-96-96-96 160-160 96 96 96-96 96 96 96-96 160 160-96 96 96 96z"],"width":1024,"attrs":[],"isMulticolor":false,"isMulticolor2":false,"tags":["stamp","imprint","label","mark","emboss","inscribe"],"grid":16},"attrs":[],"properties":{"id":142,"order":169,"prevSize":32,"code":59789,"name":"stamp"},"setIdx":0,"setId":8,"iconIdx":141},{"icon":{"paths":["M672 192h-320l-160 160v352l128 128h384l128-128v-352l-160-160zM448 512h-128v-128h128v128zM576 640h-128v-128h128v128zM704 512h-128v-128h128v128z"],"width":1024,"attrs":[],"isMulticolor":false,"isMulticolor2":false,"tags":["strike","play","roll","bowl"],"grid":16},"attrs":[],"properties":{"id":146,"order":173,"prevSize":32,"code":59793,"name":"strike"},"setIdx":0,"setId":8,"iconIdx":145},{"icon":{"paths":["M576 160l-192 192-128-128-160 160 128 128-128 128 160 160 128-128 192 192 352-352-352-352zM544 512l96-96 96 96-96 96-96-96z"],"width":1024,"attrs":[],"isMulticolor":false,"isMulticolor2":false,"tags":["swim","float","move","navigate"],"grid":16},"attrs":[],"properties":{"id":148,"order":175,"prevSize":32,"code":59795,"name":"swim"},"setIdx":0,"setId":8,"iconIdx":147},{"icon":{"paths":["M448 128v128h-256v640h640v-768h-384zM448 768h-128v-128h128v128zM448 512h-128v-128h128v128zM704 640h-128v-128h128v128zM704 384h-128v-128h128v128z"],"width":1024,"attrs":[],"isMulticolor":false,"isMulticolor2":false,"tags":["urbanize","build","development"],"grid":16},"attrs":[],"properties":{"id":158,"order":185,"prevSize":32,"code":59805,"name":"urbanize"},"setIdx":0,"setId":8,"iconIdx":157},{"icon":{"paths":["M704 672h-128v-128l128-128v-192l-128-128h-128l-128 128v192l128 128v128h-128l-128 128v224h640v-224z"],"width":1024,"attrs":[],"isMulticolor":false,"isMulticolor2":false,"tags":["use","be","live"],"grid":16},"attrs":[],"properties":{"id":159,"order":186,"prevSize":32,"code":59806,"name":"use"},"setIdx":0,"setId":8,"iconIdx":158},{"icon":{"paths":["M832 768v128h-640v-128h128v-512h384v512h128z"],"width":1024,"attrs":[],"isMulticolor":false,"isMulticolor2":false,"tags":["wonder","believe","wear","imagine","guess"],"grid":16},"attrs":[],"properties":{"id":165,"order":192,"prevSize":32,"code":59812,"name":"wonder"},"setIdx":0,"setId":8,"iconIdx":164}],"height":1024,"metadata":{"name":"icomoon"},"preferences":{"showGlyphs":true,"showQuickUse":true,"showQuickUse2":true,"showSVGs":true,"fontPref":{"prefix":"sprite-","metadata":{"fontFamily":"icomoon","majorVersion":1,"minorVersion":0},"metrics":{"emSize":1024,"baseline":6.25,"whitespace":50},"embed":false,"cssVars":true,"cssVarsFormat":"scss","showSelector":false,"showMetrics":false,"showMetadata":false},"imagePref":{"prefix":"icon-","png":true,"useClassSelector":true,"color":0,"bgColor":16777215,"classSelector":".icon","name":"icomoon"},"historySize":50,"showCodes":true,"gridSize":16}}